[
  { "id": 58, "name": "A Coruña" },
  { "id": 31, "name": "Albacete" },
  { "id": 65, "name": "Alcalá de Henares" },
  { "id": 69, "name": "Alcorcón" },
  { "id": 18, "name": "Algeciras" },
  { "id": 10, "name": "Alicante" },
  { "id": 14, "name": "Almería" },
  { "id": 42, "name": "Ávila" },
  { "id": 24, "name": "Avilés" },
  { "id": 54, "name": "Badajoz" },
  { "id": 48, "name": "Badalona" },
  { "id": 2, "name": "Barcelona" },
  { "id": 53, "name": "Benidorm" },
  { "id": 9, "name": "Bilbao" },
  { "id": 37, "name": "Burgos" },
  { "id": 55, "name": "Cáceres" },
  { "id": 16, "name": "Cádiz" },
  { "id": 70, "name": "Cartagena" },
  { "id": 52, "name": "Castellón de la Plana" },
  { "id": 76, "name": "Ceuta" },
  { "id": 34, "name": "Ciudad Real" },
  { "id": 11, "name": "Córdoba" },
  { "id": 35, "name": "Cuenca" },
  { "id": 51, "name": "Elche" },
  { "id": 66, "name": "Fuenlabrada" },
  { "id": 68, "name": "Getafe" },
  { "id": 23, "name": "Gijón" },
  { "id": 47, "name": "Girona" },
  { "id": 12, "name": "Granada" },
  { "id": 33, "name": "Guadalajara" },
  { "id": 15, "name": "Huelva" },
  { "id": 20, "name": "Huesca" },
  { "id": 25, "name": "Ibiza" },
  { "id": 17, "name": "Jaén" },
  { "id": 13, "name": "Jerez de la Frontera" },
  { "id": 27, "name": "Las Palmas de Gran Canaria" },
  { "id": 67, "name": "Leganés" },
  { "id": 39, "name": "León" },
  { "id": 46, "name": "Lleida" },
  { "id": 63, "name": "Logroño" },
  { "id": 71, "name": "Lorca" },
  { "id": 60, "name": "Lugo" },
  { "id": 80, "name": "Madri" },
  { "id": 1, "name": "Madrid" },
  { "id": 26, "name": "Mahón" },
  { "id": 6, "name": "Málaga" },
  { "id": 19, "name": "Marbella" },
  { "id": 77, "name": "Melilla" },
  { "id": 56, "name": "Mérida" },
  { "id": 64, "name": "Móstoles" },
  { "id": 7, "name": "Murcia" },
  { "id": 59, "name": "Ourense" },
  { "id": 22, "name": "Oviedo" },
  { "id": 40, "name": "Palencia" },
  { "id": 8, "name": "Palma de Mallorca" },
  { "id": 72, "name": "Pamplona" },
  { "id": 62, "name": "Pontevedra" },
  { "id": 50, "name": "Sabadell" },
  { "id": 38, "name": "Salamanca" },
  { "id": 75, "name": "San Sebastián" },
  { "id": 28, "name": "Santa Cruz de Tenerife" },
  { "id": 29, "name": "Santander" },
  { "id": 61, "name": "Santiago de Compostela" },
  { "id": 43, "name": "Segovia" },
  { "id": 4, "name": "Sevilla" },
  { "id": 44, "name": "Soria" }
]
